nivel_educ,ingreso_medio_Hombre,ingreso_medio_Mujer,ingreso_medio_se_Hombre,ingreso_medio_se_Mujer,brecha_pct
Básica,676252.0675062996,623424.6941761067,10443.550477735687,7981.798969310963,7.811787330276926
Media,959805.7686642057,793192.1423832912,11833.381254657821,8736.611242710085,17.35909823846927
Superior,1497270.777739061,1202578.3225762008,27371.48697767157,21656.245446143093,19.681974666456632
Postgrado,2785520.135577203,2199945.7028004,68280.3417389507,43754.16789894501,21.022085796391583
NA,1263821.0515034695,1013381.6411790141,182085.22639492448,140049.7459319049,19.816049908848022
