nivel_educ,ingreso_medio_Hombre,ingreso_medio_Mujer,ingreso_medio_se_Hombre,ingreso_medio_se_Mujer,brecha_pct
Básica o menos,679091.9507852357,623423.138537086,11750.84756760302,8109.302744476249,8.197536752391157
Media,962022.0899228525,799773.2719680921,12527.787661609274,8923.219420257055,16.865394220601697
Técnico Superior,1355840.5765685418,1070376.8120348363,30115.889801775425,22113.215507643916,21.054375379159815
Profesional,1877015.8802007635,1613153.1000685263,78198.08038786966,83514.65956790732,14.05756780832428
Postgrado,2640005.9999491363,2090219.8333765243,58218.406728179674,38790.79768722755,20.825186252728383
NA,1271570.1293877978,858964.2320633723,185010.79246929538,55185.152855042215,32.448536481670594
