nivel_educ,ingreso_medio_Hombre,ingreso_medio_Mujer,ingreso_medio_se_Hombre,ingreso_medio_se_Mujer,brecha_pct
Básica o menos,679091.9507852357,623423.138537086,10740.842372354686,8171.531597034777,8.197536752391157
Media,962022.0899228525,799773.2719680921,11924.284931506416,8791.365867013224,16.865394220601697
Técnico Superior,1355840.5765685418,1070376.8120348363,30044.05569984531,22835.506690319584,21.054375379159815
Profesional,1877015.8802007635,1613153.1000685263,75143.82550082314,83871.6174328973,14.05756780832428
Postgrado,2640005.9999491363,2090219.8333765243,61540.82591641911,37833.74647209143,20.825186252728383
NA,1271570.1293877978,858964.2320633723,184778.87963567532,55337.29650415967,32.448536481670594
