grupo_edad,ingreso_medio_Hombre,ingreso_medio_Mujer,ingreso_medio_se_Hombre,ingreso_medio_se_Mujer,brecha_pct
≤30,1247287.5251081875,1084491.2998954228,38053.700502861386,26447.105669385073,13.052020639639128
31-40,1649936.353169917,1307170.0183032586,33969.90902319276,34186.69592809989,20.774518617528692
41-50,1604118.7264277553,1211466.5871183532,43878.04760728737,24679.582363491714,24.477747989627126
51-60,1350308.7674413251,1109642.9687132926,28188.1293848795,23314.63507379823,17.823019781176836
60+,1046624.3960835505,787563.110081034,54188.14988414049,14449.670974767167,24.752077915622753
