grupo_edad,ingreso_medio_Hombre,ingreso_medio_Mujer,ingreso_medio_se_Hombre,ingreso_medio_se_Mujer,brecha_pct
≤30,1247287.5251081875,1084491.2998954228,37007.79580009637,26089.042944728655,13.052020639639128
31-40,1649936.353169917,1307170.0183032586,32928.94029320351,30890.038716978826,20.774518617528692
41-50,1604118.7264277553,1211466.5871183532,42946.72517459196,24427.18376884616,24.477747989627126
51-60,1350308.7674413251,1109642.9687132926,27882.376576015693,23224.738128229434,17.823019781176836
60+,1046624.3960835505,787563.110081034,54136.65285111802,14559.657088129557,24.752077915622753
