sexo_label,ingreso_medio,ingreso_medio_se,ingreso_medio_low,ingreso_medio_upp,mediana,mediana_low,mediana_upp,n
Hombre,1402711.4943418019,18401.56532203015,1366644.324699853,1438778.6639837506,920000,903333,949000,28700
Mujer,1112358.4193180185,11602.261409402348,1089617.9228895884,1135098.9157464486,780000,757667,800000,28414
