area_label,prop_pobreza,prop_pobreza_se,prop_pobreza_low,prop_pobreza_upp,n_expandido
Rural,0.08370413297550856,0.0029763195074047747,0.0778700294204792,0.08953823653053793,804118
Urbano,0.052783713205171154,0.0012154784957383244,0.05040116408858389,0.05516626232175842,6193975
